CAPEC-ID,APT Group,Description
CAPEC-122,"Chimera, APT12, APT-C-23, APT3",Exploiting privileged features by lower or non-privileged accounts.
CAPEC-233,"Chimera, APT-C-23, APT3",Exploiting a weakness to elevate privileges.
CAPEC-58,None Identified,Exploiting REST API permissions due to lack of access control.
CAPEC-664,None Identified,"Improper control of code generation, allowing injection of malicious code."
CAPEC-242,None Identified,Injecting code through manipulation of SOAP parameters.
CAPEC-153,None Identified,"Controlling the format, structure, and composition of input data for exploitation."
CAPEC-267,Comment Crew (APT1) (Potential),Exploiting the possibility to encode input in a way that bypasses validation.
CAPEC-586,None Identified,Injecting malicious content during the processing of serialized objects.
CAPEC-66,China-based APT groups,Manipulating SQL commands through user input.
CAPEC-248,BackdoorDiplomacy (Potential),Injecting new items into an existing command to alter its interpretation.
CAPEC-88,"APT41, APT40",Injecting operating system commands into application functions.
CAPEC-126,None Identified,Using path manipulation methods to gain unauthorized access to data.
CAPEC-38,APT38,Loading malicious resources into a program's standard path.
CAPEC-159,Comment Crew (APT1) (Potential),Manipulating the execution flow to point to an adversary-supplied library.
CAPEC-154,UPS (APT3),Deceiving an application or user to request a resource from an unintended location.
CAPEC-100,None Identified,Writing past the boundaries of allocated buffer regions in memory.
CAPEC-135,Comment Crew (APT1) (Potential),Including formatting characters in a string input field.
CAPEC-538,None Identified,Implanting malicious code in open-source software libraries.
CAPEC-112,"APT1, APT12",Attempting to access a protected asset by trying all possible secret values.
CAPEC-20,Multiple APT groups,Exhaustively searching the key space to decrypt ciphertext.
CAPEC-97,None Identified,Finding weaknesses in cryptographic algorithms to decipher ciphertext without the key.