[
  
    {
      "_time": "2023-03-01T12:21:10",
      "host": "web-server-01",
      "source": "/var/log/nginx/access.log",
      "sourcetype": "access",
      "status": 403,
      "bytes": 0,
      "clientip": "192.168.1.105",
      "url": "/admin.php",
      "level": "ERROR",
      "component": "frontend",
      "message": "GET /admin.php HTTP/1.1"
    },
    {
      "_time": "2023-03-01T12:22:00",
      "host": "web-server-02",
      "source": "/var/log/nginx/access.log",
      "sourcetype": "access",
      "status": 403,
      "bytes": 0,
      "clientip": "192.168.1.106",
      "url": "/wp-login.php",
      "level": "ERROR",
      "component": "frontend",
      "message": "POST /wp-login.php HTTP/1.1"
    },
    {
      "_time": "2023-03-01T12:23:10",
      "host": "web-server-03",
      "source": "/var/log/nginx/access.log",
      "sourcetype": "access",
      "status": 404,
      "bytes": 0,
      "clientip": "192.168.1.107",
      "url": "/.git/config",
      "level": "ERROR",
      "component": "frontend",
      "message": "GET /.git/config HTTP/1.1"
    },
    {
      "_time": "2023-03-01T12:24:15",
      "host": "web-server-04",
      "source": "/var/log/nginx/access.log",
      "sourcetype": "access",
      "status": 500,
      "bytes": 0,
      "clientip": "192.168.1.108",
      "url": "/admin/config.php",
      "level": "ERROR",
      "component": "frontend",
      "message": "POST /admin/config.php HTTP/1.1"
    },
    {
      "_time": "2023-03-01T12:25:20",
      "host": "web-server-01",
      "source": "/var/log/nginx/access.log",
      "sourcetype": "access",
      "status": 403,
      "bytes": 0,
      "clientip": "192.168.1.109",
      "url": "/test.php",
      "level": "ERROR",
      "component": "frontend",
      "message": "GET /test.php HTTP/1.1"
    },
    {
      "_time": "2023-03-01T12:26:05",
      "host": "web-server-02",
      "source": "/var/log/nginx/access.log",
      "sourcetype": "access",
      "status": 500,
      "bytes": 0,
      "clientip": "192.168.1.110",
      "url": "/admin/login.php",
      "level": "ERROR",
      "component": "frontend",
      "message": "POST /admin/login.php HTTP/1.1"
    },
    {
      "_time": "2023-03-01T12:27:00",
      "host": "web-server-03",
      "source": "/var/log/nginx/access.log",
      "sourcetype": "access",
      "status": 404,
      "bytes": 0,
      "clientip": "192.168.1.111",
      "url": "/backup/.htpasswd",
      "level": "ERROR",
      "component": "frontend",
      "message": "GET /backup/.htpasswd HTTP/1.1"
    },
    {
      "_time": "2023-03-01T12:28:30",
      "host": "web-server-04",
      "source": "/var/log/nginx/access.log",
      "sourcetype": "access",
      "status": 403,
      "bytes": 0,
      "clientip": "192.168.1.112",
      "url": "/.ssh/authorized_keys",
      "level": "ERROR",
      "component": "frontend",
      "message": "GET /.ssh/authorized_keys HTTP/1.1"
    },
    {
      "_time": "2023-03-01T12:29:15",
      "host": "web-server-01",
      "source": "/var/log/nginx/access.log",
      "sourcetype": "access",
      "status": 500,
      "bytes": 0,
      "clientip": "192.168.1.113",
      "url": "/.env",
      "level": "ERROR",
      "component": "frontend",
      "message": "GET /.env HTTP/1.1"
    },
    {
      "_time": "2023-03-01T12:30:10",
      "host": "web-server-02",
      "source": "/var/log/nginx/access.log",
      "sourcetype": "access",
      "status": 404,
      "bytes": 0,
      "clientip": "192.168.1.114",
      "url": "/phpmyadmin",
      "level": "ERROR",
      "component": "frontend",
      "message": "GET /phpmyadmin HTTP/1.1"
    },
    {
      "_time": "2023-03-01T12:31:20",
      "host": "web-server-03",
      "source": "/var/log/nginx/access.log",
      "sourcetype": "access",
      "status": 500,
      "bytes": 0,
      "clientip": "192.168.1.115",
      "url": "/bin/ls",
      "level": "ERROR",
      "component": "frontend",
      "message": "GET /bin/ls HTTP/1.1"
    },
    {
      "_time": "2023-03-01T12:32:10",
      "host": "web-server-04",
      "source": "/var/log/nginx/access.log",
      "sourcetype": "access",
      "status": 403,
      "bytes": 0,
      "clientip": "192.168.1.116",
      "url": "/.git/config",
      "level": "ERROR",
      "component": "frontend",
      "message": "GET /.git/config HTTP/1.1"
    },
    {
      "_time": "2023-03-01T12:33:30",
      "host": "web-server-01",
      "source": "/var/log/nginx/access.log",
      "sourcetype": "access",
      "status": 403,
      "bytes": 0,
      "clientip": "192.168.1.117",
      "url": "/.git/HEAD",
      "level": "ERROR",
      "component": "frontend",
      "message": "GET /.git/HEAD HTTP/1.1"
    },
    {
      "_time": "2023-03-01T12:34:45",
      "host": "web-server-02",
      "source": "/var/log/nginx/access.log",
      "sourcetype": "access",
      "status": 500,
      "bytes": 0,
      "clientip": "192.168.1.118",
      "url": "/config.php",
      "level": "ERROR",
      "component": "frontend",
      "message": "POST /config.php HTTP/1.1"
    },
    {
      "_time": "2023-03-01T12:35:20",
      "host": "web-server-03",
      "source": "/var/log/nginx/access.log",
      "sourcetype": "access",
      "status": 403,
      "bytes": 0,
      "clientip": "192.168.1.119",
      "url": "/wp-content/uploads/.git",
      "level": "ERROR",
      "component": "frontend",
      "message": "GET /wp-content/uploads/.git HTTP/1.1"
    },
    {
      "_time": "2023-03-01T12:36:30",
      "host": "web-server-04",
      "source": "/var/log/nginx/access.log",
      "sourcetype": "access",
      "status": 500,
      "bytes": 0,
      "clientip": "192.168.1.120",
      "url": "/bin/bash",
      "level": "ERROR",
      "component": "frontend",
      "message": "GET /bin/bash HTTP/1.1"
    },
    {
      "_time": "2023-03-01T12:37:10",
      "host": "web-server-01",
      "source": "/var/log/nginx/access.log",
      "sourcetype": "access",
      "status": 404,
      "bytes": 0,
      "clientip": "192.168.1.121",
      "url": "/var/.htaccess",
      "level": "ERROR",
      "component": "frontend",
      "message": "GET /var/.htaccess HTTP/1.1"
    },
    {
      "_time": "2023-03-01T12:38:00",
      "host": "web-server-02",
      "source": "/var/log/nginx/access.log",
      "sourcetype": "access",
      "status": 403,
      "bytes": 0,
      "clientip": "192.168.1.122",
      "url": "/phpinfo.php",
      "level": "ERROR",
      "component": "frontend",
      "message": "GET /phpinfo.php HTTP/1.1"
    },
    {
      "_time": "2023-03-01T12:39:20",
      "host": "web-server-03",
      "source": "/var/log/nginx/access.log",
      "sourcetype": "access",
      "status": 500,
      "bytes": 0,
      "clientip": "192.168.1.123",
      "url": "/cgi-bin/php",
      "level": "ERROR",
      "component": "frontend",
      "message": "POST /cgi-bin/php HTTP/1.1"
    },  
    {
        "_time": "2025-03-23T10:00:00",
        "host": "webserver1",
        "source": "/var/log/access.log",
        "sourcetype": "error",
        "status": 200,
        "bytes": 3798,
        "clientip": "192.168.1.13",
        "url": "/login",
        "level": "CRITICAL",
        "component": "database",
        "message": "Database query executed"
    },
    {
        "_time": "2025-03-23T10:01:00",
        "host": "webserver1",
        "source": "/var/log/auth.log",
        "sourcetype": "error",
        "status": 403,
        "bytes": 3073,
        "clientip": "192.168.1.1",
        "url": "/admin",
        "level": "WARNING",
        "component": "network",
        "message": "Session terminated"
    },
    {
        "_time": "2025-03-23T10:02:00",
        "host": "dbserver1",
        "source": "/var/log/auth.log",
        "sourcetype": "access_combined",
        "status": 404,
        "bytes": 3327,
        "clientip": "192.168.1.10",
        "url": "/index.html",
        "level": "ERROR",
        "component": "web",
        "message": "Connection established"
    },
    {
        "_time": "2025-03-23T10:03:00",
        "host": "appserver1",
        "source": "/var/log/access.log",
        "sourcetype": "error",
        "status": 500,
        "bytes": 4103,
        "clientip": "192.168.1.201",
        "url": "/login",
        "level": "CRITICAL",
        "component": "auth",
        "message": "Database query executed"
    },
    {
        "_time": "2025-03-23T10:04:00",
        "host": "webserver1",
        "source": "/var/log/access.log",
        "sourcetype": "error",
        "status": 403,
        "bytes": 4889,
        "clientip": "192.168.1.208",
        "url": "/login",
        "level": "ERROR",
        "component": "network",
        "message": "SQL injection attempt detected"
    },
    {
        "_time": "2025-03-23T10:05:00",
        "host": "appserver1",
        "source": "/var/log/auth.log",
        "sourcetype": "access_combined",
        "status": 200,
        "bytes": 4400,
        "clientip": "192.168.1.54",
        "url": "/dashboard",
        "level": "ERROR",
        "component": "database",
        "message": "Connection established"
    },
    {
        "_time": "2025-03-23T10:06:00",
        "host": "appserver1",
        "source": "/var/log/access.log",
        "sourcetype": "access_combined",
        "status": 403,
        "bytes": 2013,
        "clientip": "192.168.1.28",
        "url": "/config",
        "level": "WARNING",
        "component": "web",
        "message": "User logged in successfully"
    },
    {
        "_time": "2025-03-23T10:07:00",
        "host": "dbserver1",
        "source": "/var/log/access.log",
        "sourcetype": "error",
        "status": 500,
        "bytes": 755,
        "clientip": "192.168.1.164",
        "url": "/dashboard",
        "level": "ERROR",
        "component": "network",
        "message": "Multiple failed login attempts"
    },
    {
        "_time": "2025-03-23T10:08:00",
        "host": "appserver1",
        "source": "/var/log/error.log",
        "sourcetype": "auth",
        "status": 404,
        "bytes": 939,
        "clientip": "192.168.1.66",
        "url": "/dashboard",
        "level": "WARNING",
        "component": "auth",
        "message": "Configuration loaded"
    },
    {
        "_time": "2025-03-23T10:09:00",
        "host": "webserver1",
        "source": "/var/log/error.log",
        "sourcetype": "error",
        "status": 200,
        "bytes": 1211,
        "clientip": "192.168.1.250",
        "url": "/config",
        "level": "ERROR",
        "component": "network",
        "message": "Configuration loaded"
    },
    {
        "_time": "2025-03-23T10:10:00",
        "host": "webserver1",
        "source": "/var/log/access.log",
        "sourcetype": "access_combined",
        "status": 500,
        "bytes": 2190,
        "clientip": "192.168.1.1",
        "url": "/dashboard",
        "level": "ERROR",
        "component": "network",
        "message": "Connection established"
    },
    {
        "_time": "2025-03-23T10:11:00",
        "host": "webserver1",
        "source": "/var/log/error.log",
        "sourcetype": "access_combined",
        "status": 200,
        "bytes": 3488,
        "clientip": "192.168.1.109",
        "url": "/login",
        "level": "ERROR",
        "component": "network",
        "message": "Database query executed"
    },
    {
        "_time": "2025-03-23T10:12:00",
        "host": "webserver2",
        "source": "/var/log/access.log",
        "sourcetype": "auth",
        "status": 200,
        "bytes": 4305,
        "clientip": "192.168.1.115",
        "url": "/index.html",
        "level": "ERROR",
        "component": "auth",
        "message": "File served successfully"
    },
    {
        "_time": "2025-03-23T10:13:00",
        "host": "webserver2",
        "source": "/var/log/auth.log",
        "sourcetype": "error",
        "status": 200,
        "bytes": 1337,
        "clientip": "192.168.1.62",
        "url": "/login",
        "level": "WARNING",
        "component": "web",
        "message": "User logged in successfully"
    },
    {
        "_time": "2025-03-23T10:14:00",
        "host": "webserver2",
        "source": "/var/log/auth.log",
        "sourcetype": "auth",
        "status": 403,
        "bytes": 4968,
        "clientip": "192.168.1.133",
        "url": "/admin",
        "level": "INFO",
        "component": "network",
        "message": "Session terminated"
    },
    {
        "_time": "2025-03-23T10:15:00",
        "host": "dbserver1",
        "source": "/var/log/auth.log",
        "sourcetype": "access_combined",
        "status": 404,
        "bytes": 4364,
        "clientip": "192.168.1.87",
        "url": "/admin",
        "level": "WARNING",
        "component": "web",
        "message": "Database query executed"
    },
    {
        "_time": "2025-03-23T10:16:00",
        "host": "webserver1",
        "source": "/var/log/auth.log",
        "sourcetype": "auth",
        "status": 404,
        "bytes": 3289,
        "clientip": "192.168.1.35",
        "url": "/index.html",
        "level": "WARNING",
        "component": "database",
        "message": "Connection established"
    },
    {
        "_time": "2025-03-23T10:17:00",
        "host": "webserver2",
        "source": "/var/log/access.log",
        "sourcetype": "access_combined",
        "status": 404,
        "bytes": 4643,
        "clientip": "192.168.1.166",
        "url": "/login",
        "level": "ERROR",
        "component": "web",
        "message": "File served successfully"
    },
    {
        "_time": "2025-03-23T10:18:00",
        "host": "webserver2",
        "source": "/var/log/error.log",
        "sourcetype": "error",
        "status": 500,
        "bytes": 554,
        "clientip": "192.168.1.163",
        "url": "/admin",
        "level": "CRITICAL",
        "component": "network",
        "message": "Session terminated"
    },
    {
        "_time": "2025-03-23T10:19:00",
        "host": "webserver1",
        "source": "/var/log/error.log",
        "sourcetype": "auth",
        "status": 403,
        "bytes": 3737,
        "clientip": "192.168.1.198",
        "url": "/config",
        "level": "ERROR",
        "component": "auth",
        "message": "Access to restricted URL"
    },
    {
        "_time": "2025-03-23T10:20:00",
        "host": "dbserver1",
        "source": "/var/log/auth.log",
        "sourcetype": "error",
        "status": 403,
        "bytes": 2856,
        "clientip": "192.168.1.157",
        "url": "/dashboard",
        "level": "CRITICAL",
        "component": "web",
        "message": "User logged in successfully"
    },
    {
        "_time": "2025-03-23T10:21:00",
        "host": "webserver1",
        "source": "/var/log/auth.log",
        "sourcetype": "auth",
        "status": 403,
        "bytes": 3482,
        "clientip": "192.168.1.142",
        "url": "/login",
        "level": "CRITICAL",
        "component": "database",
        "message": "File served successfully"
    },
    {
        "_time": "2025-03-23T10:22:00",
        "host": "webserver2",
        "source": "/var/log/auth.log",
        "sourcetype": "auth",
        "status": 404,
        "bytes": 4260,
        "clientip": "192.168.1.93",
        "url": "/index.html",
        "level": "ERROR",
        "component": "database",
        "message": "Connection established"
    },
    {
        "_time": "2025-03-23T10:23:00",
        "host": "webserver2",
        "source": "/var/log/error.log",
        "sourcetype": "error",
        "status": 500,
        "bytes": 2652,
        "clientip": "192.168.1.118",
        "url": "/config",
        "level": "ERROR",
        "component": "network",
        "message": "Configuration loaded"
    },
    {
        "_time": "2025-03-23T10:24:00",
        "host": "webserver2",
        "source": "/var/log/access.log",
        "sourcetype": "error",
        "status": 200,
        "bytes": 4250,
        "clientip": "192.168.1.2",
        "url": "/api/data",
        "level": "WARNING",
        "component": "database",
        "message": "Connection established"
    },
    {
        "_time": "2025-03-23T10:25:00",
        "host": "webserver1",
        "source": "/var/log/auth.log",
        "sourcetype": "auth",
        "status": 500,
        "bytes": 4207,
        "clientip": "192.168.1.51",
        "url": "/admin",
        "level": "CRITICAL",
        "component": "network",
        "message": "Suspicious file upload detected"
    },
    {
        "_time": "2025-03-23T10:26:00",
        "host": "webserver2",
        "source": "/var/log/error.log",
        "sourcetype": "error",
        "status": 403,
        "bytes": 2229,
        "clientip": "192.168.1.125",
        "url": "/index.html",
        "level": "INFO",
        "component": "web",
        "message": "Connection established"
    },
    {
        "_time": "2025-03-23T10:27:00",
        "host": "dbserver1",
        "source": "/var/log/error.log",
        "sourcetype": "auth",
        "status": 404,
        "bytes": 4775,
        "clientip": "192.168.1.121",
        "url": "/index.html",
        "level": "CRITICAL",
        "component": "web",
        "message": "Connection established"
    },
    {
        "_time": "2025-03-23T10:28:00",
        "host": "dbserver1",
        "source": "/var/log/error.log",
        "sourcetype": "error",
        "status": 404,
        "bytes": 4807,
        "clientip": "192.168.1.253",
        "url": "/config",
        "level": "INFO",
        "component": "database",
        "message": "Database query executed"
    },
    {
        "_time": "2025-03-23T10:29:00",
        "host": "dbserver1",
        "source": "/var/log/access.log",
        "sourcetype": "error",
        "status": 500,
        "bytes": 1746,
        "clientip": "192.168.1.87",
        "url": "/admin",
        "level": "INFO",
        "component": "network",
        "message": "Configuration loaded"
    },
    {
        "_time": "2025-03-23T10:30:00",
        "host": "dbserver1",
        "source": "/var/log/auth.log",
        "sourcetype": "error",
        "status": 200,
        "bytes": 2536,
        "clientip": "192.168.1.1",
        "url": "/config",
        "level": "WARNING",
        "component": "web",
        "message": "Session terminated"
    },
    {
        "_time": "2025-03-23T10:31:00",
        "host": "webserver2",
        "source": "/var/log/auth.log",
        "sourcetype": "error",
        "status": 404,
        "bytes": 4701,
        "clientip": "192.168.1.76",
        "url": "/index.html",
        "level": "ERROR",
        "component": "auth",
        "message": "Database query executed"
    },
    {
        "_time": "2025-03-23T10:32:00",
        "host": "dbserver1",
        "source": "/var/log/error.log",
        "sourcetype": "access_combined",
        "status": 403,
        "bytes": 4098,
        "clientip": "192.168.1.55",
        "url": "/dashboard",
        "level": "CRITICAL",
        "component": "auth",
        "message": "File served successfully"
    },
    {
        "_time": "2025-03-23T10:33:00",
        "host": "webserver2",
        "source": "/var/log/auth.log",
        "sourcetype": "auth",
        "status": 403,
        "bytes": 563,
        "clientip": "192.168.1.81",
        "url": "/dashboard",
        "level": "CRITICAL",
        "component": "network",
        "message": "SQL injection attempt detected"
    },
    {
        "_time": "2025-03-23T10:34:00",
        "host": "appserver1",
        "source": "/var/log/auth.log",
        "sourcetype": "error",
        "status": 500,
        "bytes": 3401,
        "clientip": "192.168.1.234",
        "url": "/config",
        "level": "CRITICAL",
        "component": "web",
        "message": "User logged in successfully"
    },
    {
        "_time": "2025-03-23T10:35:00",
        "host": "appserver1",
        "source": "/var/log/error.log",
        "sourcetype": "auth",
        "status": 403,
        "bytes": 3862,
        "clientip": "192.168.1.32",
        "url": "/index.html",
        "level": "CRITICAL",
        "component": "database",
        "message": "SQL injection attempt detected"
    },
    {
        "_time": "2025-03-23T10:36:00",
        "host": "dbserver1",
        "source": "/var/log/access.log",
        "sourcetype": "access_combined",
        "status": 404,
        "bytes": 2466,
        "clientip": "192.168.1.171",
        "url": "/login",
        "level": "CRITICAL",
        "component": "web",
        "message": "Suspicious file upload detected"
    },
    {
        "_time": "2025-03-23T10:37:00",
        "host": "dbserver1",
        "source": "/var/log/access.log",
        "sourcetype": "access_combined",
        "status": 200,
        "bytes": 1462,
        "clientip": "192.168.1.183",
        "url": "/index.html",
        "level": "CRITICAL",
        "component": "network",
        "message": "Database query executed"
    },
    {
        "_time": "2025-03-23T10:38:00",
        "host": "appserver1",
        "source": "/var/log/auth.log",
        "sourcetype": "access_combined",
        "status": 200,
        "bytes": 2478,
        "clientip": "192.168.1.40",
        "url": "/config",
        "level": "ERROR",
        "component": "auth",
        "message": "Potential XSS attack"
    },
    {
        "_time": "2025-03-23T10:39:00",
        "host": "webserver2",
        "source": "/var/log/access.log",
        "sourcetype": "auth",
        "status": 500,
        "bytes": 4229,
        "clientip": "192.168.1.176",
        "url": "/dashboard",
        "level": "CRITICAL",
        "component": "auth",
        "message": "Database query executed"
    },
    {
        "_time": "2025-03-23T10:40:00",
        "host": "webserver1",
        "source": "/var/log/access.log",
        "sourcetype": "auth",
        "status": 404,
        "bytes": 4875,
        "clientip": "192.168.1.84",
        "url": "/api/data",
        "level": "WARNING",
        "component": "network",
        "message": "Configuration loaded"
    },
    {
        "_time": "2025-03-23T10:41:00",
        "host": "webserver1",
        "source": "/var/log/auth.log",
        "sourcetype": "error",
        "status": 200,
        "bytes": 4375,
        "clientip": "192.168.1.176",
        "url": "/admin",
        "level": "INFO",
        "component": "network",
        "message": "Connection established"
    },
    {
        "_time": "2025-03-23T10:42:00",
        "host": "appserver1",
        "source": "/var/log/auth.log",
        "sourcetype": "error",
        "status": 404,
        "bytes": 1631,
        "clientip": "192.168.1.52",
        "url": "/dashboard",
        "level": "WARNING",
        "component": "database",
        "message": "Database query executed"
    },
    {
        "_time": "2025-03-23T10:43:00",
        "host": "webserver1",
        "source": "/var/log/error.log",
        "sourcetype": "access_combined",
        "status": 500,
        "bytes": 2005,
        "clientip": "192.168.1.138",
        "url": "/config",
        "level": "WARNING",
        "component": "web",
        "message": "Configuration loaded"
    },
    {
        "_time": "2025-03-23T10:44:00",
        "host": "dbserver1",
        "source": "/var/log/error.log",
        "sourcetype": "error",
        "status": 403,
        "bytes": 1924,
        "clientip": "192.168.1.186",
        "url": "/config",
        "level": "ERROR",
        "component": "database",
        "message": "Potential XSS attack"
    },
    {
        "_time": "2025-03-23T10:45:00",
        "host": "webserver1",
        "source": "/var/log/access.log",
        "sourcetype": "error",
        "status": 200,
        "bytes": 4904,
        "clientip": "192.168.1.69",
        "url": "/login",
        "level": "WARNING",
        "component": "web",
        "message": "Connection established"
    },
    {
        "_time": "2025-03-23T10:46:00",
        "host": "webserver1",
        "source": "/var/log/auth.log",
        "sourcetype": "access_combined",
        "status": 403,
        "bytes": 4877,
        "clientip": "192.168.1.250",
        "url": "/index.html",
        "level": "ERROR",
        "component": "network",
        "message": "Multiple failed login attempts"
    },
    {
        "_time": "2025-03-23T10:47:00",
        "host": "appserver1",
        "source": "/var/log/access.log",
        "sourcetype": "auth",
        "status": 200,
        "bytes": 3462,
        "clientip": "192.168.1.249",
        "url": "/api/data",
        "level": "CRITICAL",
        "component": "auth",
        "message": "Potential XSS attack"
    },
    {
        "_time": "2025-03-23T10:48:00",
        "host": "webserver1",
        "source": "/var/log/access.log",
        "sourcetype": "access_combined",
        "status": 200,
        "bytes": 3488,
        "clientip": "192.168.1.144",
        "url": "/dashboard",
        "level": "CRITICAL",
        "component": "database",
        "message": "Database query executed"
    },
    {
        "_time": "2025-03-23T10:49:00",
        "host": "appserver1",
        "source": "/var/log/auth.log",
        "sourcetype": "auth",
        "status": 403,
        "bytes": 2445,
        "clientip": "192.168.1.132",
        "url": "/api/data",
        "level": "CRITICAL",
        "component": "database",
        "message": "Configuration loaded"
    },
    {
        "_time": "2025-03-23T10:50:00",
        "host": "dbserver1",
        "source": "/var/log/auth.log",
        "sourcetype": "auth",
        "status": 403,
        "bytes": 1103,
        "clientip": "192.168.1.200",
        "url": "/index.html",
        "level": "WARNING",
        "component": "web",
        "message": "File served successfully"
    },
    {
        "_time": "2025-03-23T10:51:00",
        "host": "webserver1",
        "source": "/var/log/access.log",
        "sourcetype": "error",
        "status": 404,
        "bytes": 4224,
        "clientip": "192.168.1.143",
        "url": "/login",
        "level": "WARNING",
        "component": "database",
        "message": "Configuration loaded"
    },
    {
        "_time": "2025-03-23T10:52:00",
        "host": "webserver1",
        "source": "/var/log/access.log",
        "sourcetype": "access_combined",
        "status": 200,
        "bytes": 4657,
        "clientip": "192.168.1.38",
        "url": "/admin",
        "level": "WARNING",
        "component": "web",
        "message": "Connection established"
    },
    {
        "_time": "2025-03-23T10:53:00",
        "host": "appserver1",
        "source": "/var/log/error.log",
        "sourcetype": "auth",
        "status": 404,
        "bytes": 2356,
        "clientip": "192.168.1.144",
        "url": "/dashboard",
        "level": "ERROR",
        "component": "auth",
        "message": "Connection established"
    },
    {
        "_time": "2025-03-23T10:54:00",
        "host": "appserver1",
        "source": "/var/log/access.log",
        "sourcetype": "access_combined",
        "status": 500,
        "bytes": 4343,
        "clientip": "192.168.1.90",
        "url": "/admin",
        "level": "INFO",
        "component": "network",
        "message": "Database query executed"
    },
    {
        "_time": "2025-03-23T10:55:00",
        "host": "webserver2",
        "source": "/var/log/access.log",
        "sourcetype": "error",
        "status": 403,
        "bytes": 1319,
        "clientip": "192.168.1.134",
        "url": "/login",
        "level": "WARNING",
        "component": "auth",
        "message": "Configuration loaded"
    },
    {
        "_time": "2025-03-23T10:56:00",
        "host": "dbserver1",
        "source": "/var/log/access.log",
        "sourcetype": "access_combined",
        "status": 500,
        "bytes": 1724,
        "clientip": "192.168.1.54",
        "url": "/config",
        "level": "ERROR",
        "component": "web",
        "message": "Multiple failed login attempts"
    },
    {
        "_time": "2025-03-23T10:57:00",
        "host": "dbserver1",
        "source": "/var/log/access.log",
        "sourcetype": "auth",
        "status": 200,
        "bytes": 4120,
        "clientip": "192.168.1.248",
        "url": "/login",
        "level": "CRITICAL",
        "component": "auth",
        "message": "File served successfully"
    },
    {
        "_time": "2025-03-23T10:58:00",
        "host": "webserver1",
        "source": "/var/log/auth.log",
        "sourcetype": "error",
        "status": 200,
        "bytes": 2646,
        "clientip": "192.168.1.48",
        "url": "/index.html",
        "level": "WARNING",
        "component": "auth",
        "message": "User logged in successfully"
    },
    {
        "_time": "2025-03-23T10:59:00",
        "host": "webserver1",
        "source": "/var/log/error.log",
        "sourcetype": "auth",
        "status": 200,
        "bytes": 3968,
        "clientip": "192.168.1.171",
        "url": "/dashboard",
        "level": "CRITICAL",
        "component": "web",
        "message": "Privilege escalation attempt"
    },
    {
        "_time": "2025-03-23T11:00:00",
        "host": "webserver2",
        "source": "/var/log/error.log",
        "sourcetype": "auth",
        "status": 404,
        "bytes": 1307,
        "clientip": "192.168.1.140",
        "url": "/dashboard",
        "level": "WARNING",
        "component": "database",
        "message": "User logged in successfully"
    },
    {
        "_time": "2025-03-23T11:01:00",
        "host": "appserver1",
        "source": "/var/log/auth.log",
        "sourcetype": "auth",
        "status": 404,
        "bytes": 2094,
        "clientip": "192.168.1.84",
        "url": "/config",
        "level": "CRITICAL",
        "component": "auth",
        "message": "SQL injection attempt detected"
    },
    {
        "_time": "2025-03-23T11:02:00",
        "host": "webserver1",
        "source": "/var/log/error.log",
        "sourcetype": "auth",
        "status": 404,
        "bytes": 3022,
        "clientip": "192.168.1.241",
        "url": "/dashboard",
        "level": "WARNING",
        "component": "database",
        "message": "Configuration loaded"
    },
    {
        "_time": "2025-03-23T11:03:00",
        "host": "dbserver1",
        "source": "/var/log/error.log",
        "sourcetype": "access_combined",
        "status": 500,
        "bytes": 2879,
        "clientip": "192.168.1.182",
        "url": "/dashboard",
        "level": "WARNING",
        "component": "auth",
        "message": "Connection established"
    },
    {
        "_time": "2025-03-23T11:04:00",
        "host": "appserver1",
        "source": "/var/log/error.log",
        "sourcetype": "access_combined",
        "status": 500,
        "bytes": 1251,
        "clientip": "192.168.1.105",
        "url": "/admin",
        "level": "ERROR",
        "component": "web",
        "message": "User logged in successfully"
    },
    {
        "_time": "2025-03-23T11:05:00",
        "host": "webserver2",
        "source": "/var/log/auth.log",
        "sourcetype": "error",
        "status": 500,
        "bytes": 2249,
        "clientip": "192.168.1.91",
        "url": "/dashboard",
        "level": "INFO",
        "component": "web",
        "message": "User logged in successfully"
    },
    {
        "_time": "2025-03-23T11:06:00",
        "host": "webserver2",
        "source": "/var/log/auth.log",
        "sourcetype": "error",
        "status": 403,
        "bytes": 1281,
        "clientip": "192.168.1.60",
        "url": "/config",
        "level": "WARNING",
        "component": "web",
        "message": "File served successfully"
    },
    {
        "_time": "2025-03-23T11:07:00",
        "host": "webserver1",
        "source": "/var/log/access.log",
        "sourcetype": "error",
        "status": 500,
        "bytes": 1873,
        "clientip": "192.168.1.210",
        "url": "/admin",
        "level": "ERROR",
        "component": "network",
        "message": "User logged in successfully"
    },
    {
        "_time": "2025-03-23T11:08:00",
        "host": "appserver1",
        "source": "/var/log/error.log",
        "sourcetype": "auth",
        "status": 200,
        "bytes": 4530,
        "clientip": "192.168.1.7",
        "url": "/index.html",
        "level": "ERROR",
        "component": "database",
        "message": "Configuration loaded"
    },
    {
        "_time": "2025-03-23T11:09:00",
        "host": "webserver1",
        "source": "/var/log/error.log",
        "sourcetype": "access_combined",
        "status": 403,
        "bytes": 900,
        "clientip": "192.168.1.58",
        "url": "/dashboard",
        "level": "CRITICAL",
        "component": "web",
        "message": "Configuration loaded"
    },
    {
        "_time": "2025-03-23T11:10:00",
        "host": "appserver1",
        "source": "/var/log/auth.log",
        "sourcetype": "auth",
        "status": 500,
        "bytes": 1275,
        "clientip": "192.168.1.117",
        "url": "/index.html",
        "level": "CRITICAL",
        "component": "database",
        "message": "Connection established"
    },
    {
        "_time": "2025-03-23T11:11:00",
        "host": "appserver1",
        "source": "/var/log/error.log",
        "sourcetype": "access_combined",
        "status": 404,
        "bytes": 910,
        "clientip": "192.168.1.92",
        "url": "/login",
        "level": "CRITICAL",
        "component": "network",
        "message": "File served successfully"
    },
    {
        "_time": "2025-03-23T11:12:00",
        "host": "dbserver1",
        "source": "/var/log/access.log",
        "sourcetype": "access_combined",
        "status": 200,
        "bytes": 3290,
        "clientip": "192.168.1.169",
        "url": "/dashboard",
        "level": "CRITICAL",
        "component": "database",
        "message": "Suspicious file upload detected"
    },
    {
        "_time": "2025-03-23T11:13:00",
        "host": "appserver1",
        "source": "/var/log/access.log",
        "sourcetype": "access_combined",
        "status": 500,
        "bytes": 3796,
        "clientip": "192.168.1.79",
        "url": "/config",
        "level": "ERROR",
        "component": "network",
        "message": "Privilege escalation attempt"
    },
    {
        "_time": "2025-03-23T11:14:00",
        "host": "dbserver1",
        "source": "/var/log/auth.log",
        "sourcetype": "error",
        "status": 403,
        "bytes": 2345,
        "clientip": "192.168.1.110",
        "url": "/config",
        "level": "INFO",
        "component": "auth",
        "message": "Configuration loaded"
    },
    {
        "_time": "2025-03-23T11:15:00",
        "host": "webserver1",
        "source": "/var/log/auth.log",
        "sourcetype": "auth",
        "status": 403,
        "bytes": 1205,
        "clientip": "192.168.1.219",
        "url": "/admin",
        "level": "ERROR",
        "component": "database",
        "message": "User logged in successfully"
    },
    {
        "_time": "2025-03-23T11:16:00",
        "host": "webserver2",
        "source": "/var/log/auth.log",
        "sourcetype": "auth",
        "status": 403,
        "bytes": 1313,
        "clientip": "192.168.1.63",
        "url": "/api/data",
        "level": "WARNING",
        "component": "auth",
        "message": "Session terminated"
    },
    {
        "_time": "2025-03-23T11:17:00",
        "host": "appserver1",
        "source": "/var/log/error.log",
        "sourcetype": "error",
        "status": 200,
        "bytes": 2716,
        "clientip": "192.168.1.217",
        "url": "/dashboard",
        "level": "CRITICAL",
        "component": "auth",
        "message": "File served successfully"
    },
    {
        "_time": "2025-03-23T11:18:00",
        "host": "webserver2",
        "source": "/var/log/access.log",
        "sourcetype": "auth",
        "status": 404,
        "bytes": 2792,
        "clientip": "192.168.1.167",
        "url": "/admin",
        "level": "INFO",
        "component": "web",
        "message": "Connection established"
    },
    {
        "_time": "2025-03-23T11:19:00",
        "host": "webserver2",
        "source": "/var/log/auth.log",
        "sourcetype": "access_combined",
        "status": 200,
        "bytes": 4930,
        "clientip": "192.168.1.73",
        "url": "/index.html",
        "level": "ERROR",
        "component": "database",
        "message": "Suspicious file upload detected"
    },
    {
        "_time": "2025-03-23T11:20:00",
        "host": "webserver2",
        "source": "/var/log/access.log",
        "sourcetype": "auth",
        "status": 403,
        "bytes": 648,
        "clientip": "192.168.1.14",
        "url": "/api/data",
        "level": "ERROR",
        "component": "database",
        "message": "File served successfully"
    },
    {
        "_time": "2025-03-23T11:21:00",
        "host": "webserver1",
        "source": "/var/log/access.log",
        "sourcetype": "error",
        "status": 404,
        "bytes": 4799,
        "clientip": "192.168.1.159",
        "url": "/index.html",
        "level": "ERROR",
        "component": "web",
        "message": "Database query executed"
    },
    {
        "_time": "2025-03-23T11:22:00",
        "host": "dbserver1",
        "source": "/var/log/error.log",
        "sourcetype": "auth",
        "status": 403,
        "bytes": 2178,
        "clientip": "192.168.1.39",
        "url": "/config",
        "level": "INFO",
        "component": "auth",
        "message": "File served successfully"
    },
    {
        "_time": "2025-03-23T11:23:00",
        "host": "webserver2",
        "source": "/var/log/access.log",
        "sourcetype": "auth",
        "status": 403,
        "bytes": 1423,
        "clientip": "192.168.1.47",
        "url": "/dashboard",
        "level": "CRITICAL",
        "component": "auth",
        "message": "Multiple failed login attempts"
    },
    {
        "_time": "2025-03-23T11:24:00",
        "host": "webserver2",
        "source": "/var/log/access.log",
        "sourcetype": "auth",
        "status": 500,
        "bytes": 4637,
        "clientip": "192.168.1.170",
        "url": "/dashboard",
        "level": "WARNING",
        "component": "database",
        "message": "Session terminated"
    },
    {
        "_time": "2025-03-23T11:25:00",
        "host": "dbserver1",
        "source": "/var/log/auth.log",
        "sourcetype": "access_combined",
        "status": 403,
        "bytes": 4330,
        "clientip": "192.168.1.198",
        "url": "/index.html",
        "level": "CRITICAL",
        "component": "auth",
        "message": "File served successfully"
    },
    {
        "_time": "2025-03-23T11:26:00",
        "host": "appserver1",
        "source": "/var/log/auth.log",
        "sourcetype": "access_combined",
        "status": 403,
        "bytes": 1729,
        "clientip": "192.168.1.87",
        "url": "/login",
        "level": "WARNING",
        "component": "database",
        "message": "Configuration loaded"
    },
    {
        "_time": "2025-03-23T11:27:00",
        "host": "dbserver1",
        "source": "/var/log/access.log",
        "sourcetype": "error",
        "status": 200,
        "bytes": 3942,
        "clientip": "192.168.1.123",
        "url": "/dashboard",
        "level": "ERROR",
        "component": "web",
        "message": "File served successfully"
    },
    {
        "_time": "2025-03-23T11:28:00",
        "host": "dbserver1",
        "source": "/var/log/access.log",
        "sourcetype": "error",
        "status": 200,
        "bytes": 4417,
        "clientip": "192.168.1.32",
        "url": "/config",
        "level": "ERROR",
        "component": "network",
        "message": "Configuration loaded"
    },
    {
        "_time": "2025-03-23T11:29:00",
        "host": "webserver2",
        "source": "/var/log/error.log",
        "sourcetype": "auth",
        "status": 200,
        "bytes": 4443,
        "clientip": "192.168.1.55",
        "url": "/dashboard",
        "level": "ERROR",
        "component": "network",
        "message": "Connection established"
    },
    {
        "_time": "2025-03-23T11:30:00",
        "host": "appserver1",
        "source": "/var/log/error.log",
        "sourcetype": "error",
        "status": 500,
        "bytes": 951,
        "clientip": "192.168.1.216",
        "url": "/login",
        "level": "INFO",
        "component": "web",
        "message": "File served successfully"
    },
    {
        "_time": "2025-03-23T11:31:00",
        "host": "webserver1",
        "source": "/var/log/access.log",
        "sourcetype": "error",
        "status": 200,
        "bytes": 751,
        "clientip": "192.168.1.245",
        "url": "/admin",
        "level": "INFO",
        "component": "network",
        "message": "User logged in successfully"
    },
    {
        "_time": "2025-03-23T11:32:00",
        "host": "dbserver1",
        "source": "/var/log/auth.log",
        "sourcetype": "access_combined",
        "status": 404,
        "bytes": 1981,
        "clientip": "192.168.1.41",
        "url": "/login",
        "level": "ERROR",
        "component": "network",
        "message": "Connection established"
    },
    {
        "_time": "2025-03-23T11:33:00",
        "host": "dbserver1",
        "source": "/var/log/error.log",
        "sourcetype": "access_combined",
        "status": 500,
        "bytes": 2438,
        "clientip": "192.168.1.138",
        "url": "/api/data",
        "level": "WARNING",
        "component": "web",
        "message": "Connection established"
    },
    {
        "_time": "2025-03-23T11:34:00",
        "host": "appserver1",
        "source": "/var/log/access.log",
        "sourcetype": "error",
        "status": 500,
        "bytes": 1822,
        "clientip": "192.168.1.101",
        "url": "/api/data",
        "level": "ERROR",
        "component": "database",
        "message": "File served successfully"
    },
    {
        "_time": "2025-03-23T11:35:00",
        "host": "webserver1",
        "source": "/var/log/error.log",
        "sourcetype": "auth",
        "status": 403,
        "bytes": 1431,
        "clientip": "192.168.1.159",
        "url": "/config",
        "level": "CRITICAL",
        "component": "web",
        "message": "Connection established"
    },
    {
        "_time": "2025-03-23T11:36:00",
        "host": "appserver1",
        "source": "/var/log/auth.log",
        "sourcetype": "auth",
        "status": 403,
        "bytes": 1815,
        "clientip": "192.168.1.179",
        "url": "/config",
        "level": "WARNING",
        "component": "database",
        "message": "Session terminated"
    },
    {
        "_time": "2025-03-23T11:37:00",
        "host": "dbserver1",
        "source": "/var/log/error.log",
        "sourcetype": "error",
        "status": 404,
        "bytes": 4774,
        "clientip": "192.168.1.187",
        "url": "/config",
        "level": "INFO",
        "component": "web",
        "message": "Configuration loaded"
    },
    {
        "_time": "2025-03-23T11:38:00",
        "host": "webserver1",
        "source": "/var/log/auth.log",
        "sourcetype": "auth",
        "status": 403,
        "bytes": 1141,
        "clientip": "192.168.1.35",
        "url": "/index.html",
        "level": "CRITICAL",
        "component": "network",
        "message": "File served successfully"
    },
    {
        "_time": "2025-03-23T11:39:00",
        "host": "webserver1",
        "source": "/var/log/error.log",
        "sourcetype": "auth",
        "status": 500,
        "bytes": 2179,
        "clientip": "192.168.1.185",
        "url": "/login",
        "level": "CRITICAL",
        "component": "database",
        "message": "Privilege escalation attempt"
    },
    
  {
    "_time": "2023-08-01T12:03:22",
    "host": "web-server-01",
    "source": "/var/log/nginx/access.log",
    "sourcetype": "access",
    "status": 200,
    "bytes": 1450,
    "clientip": "192.168.1.105",
    "url": "/index.html",
    "level": "INFO",
    "component": "frontend",
    "message": "GET /index.html HTTP/1.1"
  },
  {
    "_time": "2023-08-21T15:49:46",
    "host": "web-server-01",
    "source": "/var/log/nginx/access.log",
    "sourcetype": "access",
    "status": 200,
    "bytes": 2746,
    "clientip": "192.168.1.238",
    "url": "/index.html",
    "level": "INFO",
    "component": "frontend",
    "message": "GET /about.html HTTP/1.1"
  },
  {
    "_time": "2023-07-26T12:09:09",
    "host": "web-server-03",
    "source": "/var/log/nginx/access.log",
    "sourcetype": "access",
    "status": 500,
    "bytes": 2908,
    "clientip": "192.168.1.132",
    "url": "/home.html",
    "level": "ERROR",
    "component": "frontend",
    "message": "GET /login.php HTTP/1.1"
  },
  {
    "_time": "2023-07-11T07:10:27",
    "host": "web-server-02",
    "source": "/var/log/nginx/access.log",
    "sourcetype": "access",
    "status": 200,
    "bytes": 601,
    "clientip": "192.168.1.116",
    "url": "/login.php",
    "level": "INFO",
    "component": "backend",
    "message": "GET /index.html HTTP/1.1"
  },
  {
    "_time": "2023-03-13T13:13:25",
    "host": "web-server-01",
    "source": "/var/log/nginx/access.log",
    "sourcetype": "access",
    "status": 301,
    "bytes": 2092,
    "clientip": "192.168.1.150",
    "url": "/home.html",
    "level": "INFO",
    "component": "api",
    "message": "GET /about.html HTTP/1.1"
  },
  {
    "_time": "2023-07-19T01:01:31",
    "host": "web-server-03",
    "source": "/var/log/nginx/access.log",
    "sourcetype": "access",
    "status": 500,
    "bytes": 4134,
    "clientip": "192.168.1.106",
    "url": "/home.html",
    "level": "ERROR",
    "component": "api",
    "message": "GET /index.html HTTP/1.1"
  },
  {
    "_time": "2023-02-14T08:49:33",
    "host": "web-server-01",
    "source": "/var/log/nginx/access.log",
    "sourcetype": "access",
    "status": 200,
    "bytes": 2842,
    "clientip": "192.168.1.104",
    "url": "/home.html",
    "level": "INFO",
    "component": "frontend",
    "message": "GET /about.html HTTP/1.1"
  },
  {
    "_time": "2023-07-18T11:25:19",
    "host": "web-server-01",
    "source": "/var/log/nginx/access.log",
    "sourcetype": "access",
    "status": 404,
    "bytes": 880,
    "clientip": "192.168.1.176",
    "url": "/home.html",
    "level": "INFO",
    "component": "api",
    "message": "GET /about.html HTTP/1.1"
  },
  {
    "_time": "2023-07-05T08:37:26",
    "host": "web-server-04",
    "source": "/var/log/nginx/access.log",
    "sourcetype": "access",
    "status": 404,
    "bytes": 2358,
    "clientip": "192.168.1.105",
    "url": "/about.html",
    "level": "INFO",
    "component": "api",
    "message": "GET /login.php HTTP/1.1"
  },
  {
    "_time": "2023-05-18T13:54:36",
    "host": "web-server-01",
    "source": "/var/log/nginx/access.log",
    "sourcetype": "access",
    "status": 200,
    "bytes": 3536,
    "clientip": "192.168.1.116",
    "url": "/login.php",
    "level": "INFO",
    "component": "frontend",
    "message": "GET /about.html HTTP/1.1"
  },
  {
    "_time": "2023-07-23T22:52:02",
    "host": "web-server-01",
    "source": "/var/log/nginx/access.log",
    "sourcetype": "access",
    "status": 404,
    "bytes": 954,
    "clientip": "192.168.1.199",
    "url": "/home.html",
    "level": "INFO",
    "component": "frontend",
    "message": "GET /about.html HTTP/1.1"
  },
  {
    "_time": "2023-07-31T05:25:07",
    "host": "web-server-01",
    "source": "/var/log/nginx/access.log",
    "sourcetype": "access",
    "status": 500,
    "bytes": 915,
    "clientip": "192.168.1.139",
    "url": "/login.php",
    "level": "ERROR",
    "component": "frontend",
    "message": "GET /index.html HTTP/1.1"
  },
  {
    "_time": "2023-01-10T05:21:09",
    "host": "web-server-03",
    "source": "/var/log/nginx/access.log",
    "sourcetype": "access",
    "status": 500,
    "bytes": 1063,
    "clientip": "192.168.1.109",
    "url": "/about.html",
    "level": "ERROR",
    "component": "backend",
    "message": "GET /login.php HTTP/1.1"
  },
  
    {
      "_time": "2023-08-01T12:03:22",
      "host": "web-server-01",
      "source": "/var/log/nginx/access.log",
      "sourcetype": "access",
      "status": 200,
      "bytes": 1450,
      "clientip": "192.168.1.105",
      "url": "/index.html",
      "level": "INFO",
      "component": "frontend",
      "message": "GET /index.html HTTP/1.1"
    },
    {
      "_time": "2023-08-21T15:49:46",
      "host": "web-server-01",
      "source": "/var/log/nginx/access.log",
      "sourcetype": "access",
      "status": 200,
      "bytes": 2746,
      "clientip": "192.168.1.238",
      "url": "/index.html",
      "level": "INFO",
      "component": "frontend",
      "message": "GET /about.html HTTP/1.1"
    },
    {
      "_time": "2023-07-26T12:09:09",
      "host": "web-server-03",
      "source": "/var/log/nginx/access.log",
      "sourcetype": "access",
      "status": 500,
      "bytes": 2908,
      "clientip": "192.168.1.132",
      "url": "/home.html",
      "level": "ERROR",
      "component": "frontend",
      "message": "GET /login.php HTTP/1.1"
    },
    {
      "_time": "2023-07-11T07:10:27",
      "host": "web-server-02",
      "source": "/var/log/nginx/access.log",
      "sourcetype": "access",
      "status": 200,
      "bytes": 601,
      "clientip": "192.168.1.116",
      "url": "/login.php",
      "level": "INFO",
      "component": "backend",
      "message": "GET /index.html HTTP/1.1"
    },
    {
      "_time": "2023-03-13T13:13:25",
      "host": "web-server-01",
      "source": "/var/log/nginx/access.log",
      "sourcetype": "access",
      "status": 301,
      "bytes": 2092,
      "clientip": "192.168.1.150",
      "url": "/home.html",
      "level": "INFO",
      "component": "api",
      "message": "GET /about.html HTTP/1.1"
    },
    {
      "_time": "2023-07-19T01:01:31",
      "host": "web-server-03",
      "source": "/var/log/nginx/access.log",
      "sourcetype": "access",
      "status": 500,
      "bytes": 4134,
      "clientip": "192.168.1.106",
      "url": "/home.html",
      "level": "ERROR",
      "component": "api",
      "message": "GET /index.html HTTP/1.1"
    },
    {
      "_time": "2023-02-14T08:49:33",
      "host": "web-server-01",
      "source": "/var/log/nginx/access.log",
      "sourcetype": "access",
      "status": 200,
      "bytes": 2842,
      "clientip": "192.168.1.104",
      "url": "/home.html",
      "level": "INFO",
      "component": "frontend",
      "message": "GET /about.html HTTP/1.1"
    },
    {
      "_time": "2023-07-18T11:25:19",
      "host": "web-server-01",
      "source": "/var/log/nginx/access.log",
      "sourcetype": "access",
      "status": 404,
      "bytes": 880,
      "clientip": "192.168.1.176",
      "url": "/home.html",
      "level": "INFO",
      "component": "api",
      "message": "GET /about.html HTTP/1.1"
    },
    {
      "_time": "2023-07-05T08:37:26",
      "host": "web-server-04",
      "source": "/var/log/nginx/access.log",
      "sourcetype": "access",
      "status": 404,
      "bytes": 2358,
      "clientip": "192.168.1.105",
      "url": "/about.html",
      "level": "INFO",
      "component": "api",
      "message": "GET /login.php HTTP/1.1"
    },
    {
      "_time": "2023-05-18T13:54:36",
      "host": "web-server-01",
      "source": "/var/log/nginx/access.log",
      "sourcetype": "access",
      "status": 200,
      "bytes": 3536,
      "clientip": "192.168.1.116",
      "url": "/login.php",
      "level": "INFO",
      "component": "frontend",
      "message": "GET /about.html HTTP/1.1"
    },
    {
      "_time": "2023-07-23T22:52:02",
      "host": "web-server-01",
      "source": "/var/log/nginx/access.log",
      "sourcetype": "access",
      "status": 404,
      "bytes": 954,
      "clientip": "192.168.1.199",
      "url": "/home.html",
      "level": "INFO",
      "component": "frontend",
      "message": "GET /about.html HTTP/1.1"
    },
    {
      "_time": "2023-07-31T05:25:07",
      "host": "web-server-01",
      "source": "/var/log/nginx/access.log",
      "sourcetype": "access",
      "status": 500,
      "bytes": 915,
      "clientip": "192.168.1.139",
      "url": "/login.php",
      "level": "ERROR",
      "component": "frontend",
      "message": "GET /index.html HTTP/1.1"
    },
    {
      "_time": "2023-01-10T05:21:09",
      "host": "web-server-03",
      "source": "/var/log/nginx/access.log",
      "sourcetype": "access",
      "status": 500,
      "bytes": 1063,
      "clientip": "192.168.1.109",
      "url": "/about.html",
      "level": "ERROR",
      "component": "backend",
      "message": "GET /login.php HTTP/1.1"
    },
    
        {
          "_time": "2023-08-01T12:03:22",
          "host": "web-server-01",
          "source": "/var/log/nginx/access.log",
          "sourcetype": "access",
          "status": 200,
          "bytes": 1450,
          "clientip": "192.168.1.105",
          "url": "/index.html",
          "level": "INFO",
          "component": "frontend",
          "message": "GET /index.html HTTP/1.1"
        },
        {
          "_time": "2023-08-21T15:49:46",
          "host": "web-server-01",
          "source": "/var/log/nginx/access.log",
          "sourcetype": "access",
          "status": 200,
          "bytes": 2746,
          "clientip": "192.168.1.238",
          "url": "/about.html",
          "level": "INFO",
          "component": "frontend",
          "message": "GET /about.html HTTP/1.1"
        },
        {
          "_time": "2023-07-26T12:09:09",
          "host": "web-server-03",
          "source": "/var/log/nginx/access.log",
          "sourcetype": "access",
          "status": 200,
          "bytes": 2908,
          "clientip": "192.168.1.132",
          "url": "/home.html",
          "level": "INFO",
          "component": "frontend",
          "message": "GET /home.html HTTP/1.1"
        },
        {
          "_time": "2023-07-11T07:10:27",
          "host": "web-server-02",
          "source": "/var/log/nginx/access.log",
          "sourcetype": "access",
          "status": 200,
          "bytes": 601,
          "clientip": "192.168.1.116",
          "url": "/login.php",
          "level": "INFO",
          "component": "backend",
          "message": "GET /index.html HTTP/1.1"
        },
        {
          "_time": "2023-03-13T13:13:25",
          "host": "web-server-01",
          "source": "/var/log/nginx/access.log",
          "sourcetype": "access",
          "status": 301,
          "bytes": 2092,
          "clientip": "192.168.1.150",
          "url": "/home.html",
          "level": "INFO",
          "component": "api",
          "message": "GET /home.html HTTP/1.1"
        },
        {
          "_time": "2023-02-14T08:49:33",
          "host": "web-server-01",
          "source": "/var/log/nginx/access.log",
          "sourcetype": "access",
          "status": 200,
          "bytes": 2842,
          "clientip": "192.168.1.104",
          "url": "/home.html",
          "level": "INFO",
          "component": "frontend",
          "message": "GET /home.html HTTP/1.1"
        },
        {
          "_time": "2023-07-18T11:25:19",
          "host": "web-server-01",
          "source": "/var/log/nginx/access.log",
          "sourcetype": "access",
          "status": 200,
          "bytes": 780,
          "clientip": "192.168.1.176",
          "url": "/login.php",
          "level": "INFO",
          "component": "api",
          "message": "GET /home.html HTTP/1.1"
        },
        {
          "_time": "2023-07-05T08:37:26",
          "host": "web-server-04",
          "source": "/var/log/nginx/access.log",
          "sourcetype": "access",
          "status": 301,
          "bytes": 2358,
          "clientip": "192.168.1.105",
          "url": "/about.html",
          "level": "INFO",
          "component": "api",
          "message": "GET /home.html HTTP/1.1"
        },
        {
          "_time": "2023-05-18T13:54:36",
          "host": "web-server-01",
          "source": "/var/log/nginx/access.log",
          "sourcetype": "access",
          "status": 200,
          "bytes": 3536,
          "clientip": "192.168.1.116",
          "url": "/login.php",
          "level": "INFO",
          "component": "frontend",
          "message": "GET /login.php HTTP/1.1"
        },
        {
          "_time": "2023-07-23T22:52:02",
          "host": "web-server-01",
          "source": "/var/log/nginx/access.log",
          "sourcetype": "access",
          "status": 200,
          "bytes": 504,
          "clientip": "192.168.1.199",
          "url": "/about.html",
          "level": "INFO",
          "component": "frontend",
          "message": "GET /index.html HTTP/1.1"
        },
        {
          "_time": "2023-07-31T05:25:07",
          "host": "web-server-01",
          "source": "/var/log/nginx/access.log",
          "sourcetype": "access",
          "status": 301,
          "bytes": 915,
          "clientip": "192.168.1.139",
          "url": "/home.html",
          "level": "INFO",
          "component": "frontend",
          "message": "GET /login.php HTTP/1.1"
        },
        {
          "_time": "2023-01-10T05:21:09",
          "host": "web-server-03",
          "source": "/var/log/nginx/access.log",
          "sourcetype": "access",
          "status": 200,
          "bytes": 1063,
          "clientip": "192.168.1.109",
          "url": "/about.html",
          "level": "INFO",
          "component": "backend",
          "message": "GET /about.html HTTP/1.1"
        },
        {
          "_time": "2023-07-16T09:13:40",
          "host": "web-server-04",
          "source": "/var/log/nginx/access.log",
          "sourcetype": "access",
          "status": 301,
          "bytes": 1024,
          "clientip": "192.168.1.123",
          "url": "/index.html",
          "level": "INFO",
          "component": "backend",
          "message": "GET /about.html HTTP/1.1"
        },
        {
          "_time": "2023-06-25T08:01:52",
          "host": "web-server-02",
          "source": "/var/log/nginx/access.log",
          "sourcetype": "access",
          "status": 200,
          "bytes": 1500,
          "clientip": "192.168.1.198",
          "url": "/about.html",
          "level": "INFO",
          "component": "frontend",
          "message": "GET /index.html HTTP/1.1"
        },
        {
          "_time": "2023-07-08T06:30:25",
          "host": "web-server-03",
          "source": "/var/log/nginx/access.log",
          "sourcetype": "access",
          "status": 301,
          "bytes": 1432,
          "clientip": "192.168.1.142",
          "url": "/home.html",
          "level": "INFO",
          "component": "backend",
          "message": "GET /index.html HTTP/1.1"
        },
        {
          "_time": "2023-07-20T10:45:00",
          "host": "web-server-01",
          "source": "/var/log/nginx/access.log",
          "sourcetype": "access",
          "status": 200,
          "bytes": 1800,
          "clientip": "192.168.1.142",
          "url": "/about.html",
          "level": "INFO",
          "component": "frontend",
          "message": "GET /contact.html HTTP/1.1"
        },
        {
          "_time": "2023-07-10T07:51:40",
          "host": "web-server-02",
          "source": "/var/log/nginx/access.log",
          "sourcetype": "access",
          "status": 301,
          "bytes": 1950,
          "clientip": "192.168.1.175",
          "url": "/home.html",
          "level": "INFO",
          "component": "frontend",
          "message": "GET /contact.html HTTP/1.1"
        },
        {
          "_time": "2023-06-28T08:11:03",
          "host": "web-server-01",
          "source": "/var/log/nginx/access.log",
          "sourcetype": "access",
          "status": 200,
          "bytes": 1250,
          "clientip": "192.168.1.142",
          "url": "/index.html",
          "level": "INFO",
          "component": "frontend",
          "message": "GET /home.html HTTP/1.1"
        },
        {
          "_time": "2023-05-02T12:00:15",
          "host": "web-server-01",
          "source": "/var/log/nginx/access.log",
          "sourcetype": "access",
          "status": 301,
          "bytes": 2100,
          "clientip": "192.168.1.118",
          "url": "/index.html",
          "level": "INFO",
          "component": "frontend",
          "message": "GET /about.html HTTP/1.1"
        },
        {
          "_time": "2023-07-14T09:55:12",
          "host": "web-server-03",
          "source": "/var/log/nginx/access.log",
          "sourcetype": "access",
          "status": 200,
          "bytes": 800,
          "clientip": "192.168.1.129",
          "url": "/contact.html",
          "level": "INFO",
          "component": "frontend",
          "message": "GET /about.html HTTP/1.1"
        },
        {
          "_time": "2023-06-10T12:34:44",
          "host": "web-server-02",
          "source": "/var/log/nginx/access.log",
          "sourcetype": "access",
          "status": 301,
          "bytes": 1600,
          "clientip": "192.168.1.140",
          "url": "/contact.html",
          "level": "INFO",
          "component": "frontend",
          "message": "GET /index.html HTTP/1.1"
        },
        {
          "_time": "2023-05-12T10:20:55",
          "host": "web-server-03",
          "source": "/var/log/nginx/access.log",
          "sourcetype": "access",
          "status": 200,
          "bytes": 1450,
          "clientip": "192.168.1.107",
          "url": "/login.php",
          "level": "INFO",
          "component": "api",
          "message": "GET /index.html HTTP/1.1"
        },
        {
          "_time": "2023-07-17T14:32:11",
          "host": "web-server-04",
          "source": "/var/log/nginx/access.log",
          "sourcetype": "access",
          "status": 301,
          "bytes": 2300,
          "clientip": "192.168.1.149",
          "url": "/home.html",
          "level": "INFO",
          "component": "frontend",
          "message": "GET /login.php HTTP/1.1"
        },
        
            {
              "_time": "2023-03-01T12:01:45",
              "host": "web-server-01",
              "source": "/var/log/nginx/access.log",
              "sourcetype": "access",
              "status": 200,
              "bytes": 1450,
              "clientip": "192.168.1.105",
              "url": "/index.html",
              "level": "INFO",
              "component": "frontend",
              "message": "GET /index.html HTTP/1.1"
            },
            {
              "_time": "2023-03-01T12:02:50",
              "host": "web-server-01",
              "source": "/var/log/nginx/access.log",
              "sourcetype": "access",
              "status": 200,
              "bytes": 2750,
              "clientip": "192.168.1.104",
              "url": "/about.html",
              "level": "INFO",
              "component": "frontend",
              "message": "GET /about.html HTTP/1.1"
            },
            {
              "_time": "2023-03-01T12:03:55",
              "host": "web-server-02",
              "source": "/var/log/nginx/access.log",
              "sourcetype": "access",
              "status": 200,
              "bytes": 3210,
              "clientip": "192.168.1.106",
              "url": "/contact.html",
              "level": "INFO",
              "component": "frontend",
              "message": "GET /contact.html HTTP/1.1"
            },
            {
              "_time": "2023-03-01T12:05:10",
              "host": "web-server-03",
              "source": "/var/log/nginx/access.log",
              "sourcetype": "access",
              "status": 301,
              "bytes": 540,
              "clientip": "192.168.1.107",
              "url": "/home.html",
              "level": "INFO",
              "component": "frontend",
              "message": "GET /home.html HTTP/1.1"
            },
            {
              "_time": "2023-03-01T12:06:20",
              "host": "web-server-04",
              "source": "/var/log/nginx/access.log",
              "sourcetype": "access",
              "status": 200,
              "bytes": 1700,
              "clientip": "192.168.1.108",
              "url": "/index.html",
              "level": "INFO",
              "component": "frontend",
              "message": "GET /index.html HTTP/1.1"
            },
            {
              "_time": "2023-03-01T12:07:25",
              "host": "web-server-01",
              "source": "/var/log/nginx/access.log",
              "sourcetype": "access",
              "status": 200,
              "bytes": 2380,
              "clientip": "192.168.1.109",
              "url": "/about.html",
              "level": "INFO",
              "component": "frontend",
              "message": "GET /about.html HTTP/1.1"
            },
            {
              "_time": "2023-03-01T12:08:30",
              "host": "web-server-02",
              "source": "/var/log/nginx/access.log",
              "sourcetype": "access",
              "status": 301,
              "bytes": 800,
              "clientip": "192.168.1.110",
              "url": "/contact.html",
              "level": "INFO",
              "component": "frontend",
              "message": "GET /contact.html HTTP/1.1"
            },
            {
              "_time": "2023-03-01T12:09:35",
              "host": "web-server-03",
              "source": "/var/log/nginx/access.log",
              "sourcetype": "access",
              "status": 404,
              "bytes": 3500,
              "clientip": "192.168.1.111",
              "url": "/admin.html",
              "level": "ERROR",
              "component": "frontend",
              "message": "GET /admin.html HTTP/1.1"
            },
            {
              "_time": "2023-03-01T12:10:40",
              "host": "web-server-04",
              "source": "/var/log/nginx/access.log",
              "sourcetype": "access",
              "status": 200,
              "bytes": 2020,
              "clientip": "192.168.1.112",
              "url": "/about.html",
              "level": "INFO",
              "component": "frontend",
              "message": "GET /about.html HTTP/1.1"
            },
            {
              "_time": "2023-03-01T12:11:45",
              "host": "web-server-02",
              "source": "/var/log/nginx/access.log",
              "sourcetype": "access",
              "status": 500,
              "bytes": 1500,
              "clientip": "192.168.1.113",
              "url": "/login.php",
              "level": "ERROR",
              "component": "frontend",
              "message": "POST /login.php HTTP/1.1"
            },
            {
              "_time": "2023-03-01T12:12:50",
              "host": "web-server-03",
              "source": "/var/log/nginx/access.log",
              "sourcetype": "access",
              "status": 301,
              "bytes": 490,
              "clientip": "192.168.1.114",
              "url": "/home.html",
              "level": "INFO",
              "component": "frontend",
              "message": "GET /home.html HTTP/1.1"
            },
            {
              "_time": "2023-03-01T12:13:55",
              "host": "web-server-04",
              "source": "/var/log/nginx/access.log",
              "sourcetype": "access",
              "status": 200,
              "bytes": 1950,
              "clientip": "192.168.1.115",
              "url": "/about.html",
              "level": "INFO",
              "component": "frontend",
              "message": "GET /about.html HTTP/1.1"
            },
            {
              "_time": "2023-03-01T12:14:45",
              "host": "web-server-02",
              "source": "/var/log/nginx/access.log",
              "sourcetype": "access",
              "status": 200,
              "bytes": 1400,
              "clientip": "192.168.1.116",
              "url": "/contact.html",
              "level": "INFO",
              "component": "frontend",
              "message": "GET /contact.html HTTP/1.1"
            },
            {
              "_time": "2023-03-01T12:15:30",
              "host": "web-server-01",
              "source": "/var/log/nginx/access.log",
              "sourcetype": "access",
              "status": 200,
              "bytes": 3020,
              "clientip": "192.168.1.117",
              "url": "/index.html",
              "level": "INFO",
              "component": "frontend",
              "message": "GET /index.html HTTP/1.1"
            },
            {
              "_time": "2023-03-01T12:16:10",
              "host": "web-server-02",
              "source": "/var/log/nginx/access.log",
              "sourcetype": "access",
              "status": 404,
              "bytes": 2900,
              "clientip": "192.168.1.118",
              "url": "/login.html",
              "level": "ERROR",
              "component": "frontend",
              "message": "GET /login.html HTTP/1.1"
            },
            {
              "_time": "2023-03-01T12:16:50",
              "host": "web-server-03",
              "source": "/var/log/nginx/access.log",
              "sourcetype": "access",
              "status": 200,
              "bytes": 1800,
              "clientip": "192.168.1.119",
              "url": "/index.html",
              "level": "INFO",
              "component": "frontend",
              "message": "GET /index.html HTTP/1.1"
            },
            {
              "_time": "2023-03-01T12:17:30",
              "host": "web-server-04",
              "source": "/var/log/nginx/access.log",
              "sourcetype": "access",
              "status": 200,
              "bytes": 2490,
              "clientip": "192.168.1.120",
              "url": "/about.html",
              "level": "INFO",
              "component": "frontend",
              "message": "GET /about.html HTTP/1.1"
            },
            {
              "_time": "2023-03-01T12:18:40",
              "host": "web-server-01",
              "source": "/var/log/nginx/access.log",
              "sourcetype": "access",
              "status": 301,
              "bytes": 410,
              "clientip": "192.168.1.121",
              "url": "/contact.html",
              "level": "INFO",
              "component": "frontend",
              "message": "GET /contact.html HTTP/1.1"
            },
            {
              "_time": "2023-03-01T12:19:20",
              "host": "web-server-02",
              "source": "/var/log/nginx/access.log",
              "sourcetype": "access",
              "status": 404,
              "bytes": 680,
              "clientip": "192.168.1.122",
              "url": "/unknown.html",
              "level": "ERROR",
              "component": "frontend",
              "message": "GET /unknown.html HTTP/1.1"
            },
            {
              "_time": "2023-03-01T12:20:00",
              "host": "web-server-03",
              "source": "/var/log/nginx/access.log",
              "sourcetype": "access",
              "status": 500,
              "bytes": 2050,
              "clientip": "192.168.1.123",
              "url": "/admin.php",
              "level": "ERROR",
              "component": "frontend",
              "message": "POST /admin.php HTTP/1.1"
            },
            {
              "_time": "2023-03-01T12:20:40",
              "host": "web-server-04",
              "source": "/var/log/nginx/access.log",
              "sourcetype": "access",
              "status": 200,
              "bytes": 3700,
              "clientip": "192.168.1.124",
              "url": "/about.html",
              "level": "INFO",
              "component": "frontend",
              "message": "GET /about.html HTTP/1.1"
            },
            
                {
                  "_time": "2023-03-01T12:01:45",
                  "host": "web-server-01",
                  "source": "/var/log/nginx/access.log",
                  "sourcetype": "access",
                  "status": 200,
                  "bytes": 1450,
                  "clientip": "192.168.1.105",
                  "url": "/index.html",
                  "level": "INFO",
                  "component": "frontend",
                  "message": "GET /index.html HTTP/1.1"
                },
                {
                  "_time": "2023-03-01T12:02:50",
                  "host": "web-server-01",
                  "source": "/var/log/nginx/access.log",
                  "sourcetype": "access",
                  "status": 200,
                  "bytes": 2750,
                  "clientip": "192.168.1.104",
                  "url": "/about.html",
                  "level": "INFO",
                  "component": "frontend",
                  "message": "GET /about.html HTTP/1.1"
                },
                {
                  "_time": "2023-03-01T12:03:55",
                  "host": "web-server-02",
                  "source": "/var/log/nginx/access.log",
                  "sourcetype": "access",
                  "status": 200,
                  "bytes": 3210,
                  "clientip": "192.168.1.106",
                  "url": "/contact.html",
                  "level": "INFO",
                  "component": "frontend",
                  "message": "GET /contact.html HTTP/1.1"
                },
                {
                  "_time": "2023-03-01T12:05:10",
                  "host": "web-server-03",
                  "source": "/var/log/nginx/access.log",
                  "sourcetype": "access",
                  "status": 200,
                  "bytes": 540,
                  "clientip": "192.168.1.107",
                  "url": "/home.html",
                  "level": "INFO",
                  "component": "frontend",
                  "message": "GET /home.html HTTP/1.1"
                },
                {
                  "_time": "2023-03-01T12:06:20",
                  "host": "web-server-04",
                  "source": "/var/log/nginx/access.log",
                  "sourcetype": "access",
                  "status": 200,
                  "bytes": 1700,
                  "clientip": "192.168.1.108",
                  "url": "/index.html",
                  "level": "INFO",
                  "component": "frontend",
                  "message": "GET /index.html HTTP/1.1"
                },
                {
                  "_time": "2023-03-01T12:07:25",
                  "host": "web-server-01",
                  "source": "/var/log/nginx/access.log",
                  "sourcetype": "access",
                  "status": 200,
                  "bytes": 2380,
                  "clientip": "192.168.1.109",
                  "url": "/about.html",
                  "level": "INFO",
                  "component": "frontend",
                  "message": "GET /about.html HTTP/1.1"
                },
                {
                  "_time": "2023-03-01T12:08:30",
                  "host": "web-server-02",
                  "source": "/var/log/nginx/access.log",
                  "sourcetype": "access",
                  "status": 200,
                  "bytes": 800,
                  "clientip": "192.168.1.110",
                  "url": "/contact.html",
                  "level": "INFO",
                  "component": "frontend",
                  "message": "GET /contact.html HTTP/1.1"
                },
                {
                  "_time": "2023-03-01T12:09:35",
                  "host": "web-server-03",
                  "source": "/var/log/nginx/access.log",
                  "sourcetype": "access",
                  "status": 200,
                  "bytes": 2500,
                  "clientip": "192.168.1.111",
                  "url": "/home.html",
                  "level": "INFO",
                  "component": "frontend",
                  "message": "GET /home.html HTTP/1.1"
                },
                {
                  "_time": "2023-03-01T12:10:40",
                  "host": "web-server-04",
                  "source": "/var/log/nginx/access.log",
                  "sourcetype": "access",
                  "status": 200,
                  "bytes": 2100,
                  "clientip": "192.168.1.112",
                  "url": "/about.html",
                  "level": "INFO",
                  "component": "frontend",
                  "message": "GET /about.html HTTP/1.1"
                },
                {
                  "_time": "2023-03-01T12:11:45",
                  "host": "web-server-02",
                  "source": "/var/log/nginx/access.log",
                  "sourcetype": "access",
                  "status": 200,
                  "bytes": 1800,
                  "clientip": "192.168.1.113",
                  "url": "/contact.html",
                  "level": "INFO",
                  "component": "frontend",
                  "message": "GET /contact.html HTTP/1.1"
                },
                {
                  "_time": "2023-03-01T12:12:50",
                  "host": "web-server-03",
                  "source": "/var/log/nginx/access.log",
                  "sourcetype": "access",
                  "status": 200,
                  "bytes": 2550,
                  "clientip": "192.168.1.114",
                  "url": "/index.html",
                  "level": "INFO",
                  "component": "frontend",
                  "message": "GET /index.html HTTP/1.1"
                },
                {
                  "_time": "2023-03-01T12:13:55",
                  "host": "web-server-04",
                  "source": "/var/log/nginx/access.log",
                  "sourcetype": "access",
                  "status": 200,
                  "bytes": 3200,
                  "clientip": "192.168.1.115",
                  "url": "/about.html",
                  "level": "INFO",
                  "component": "frontend",
                  "message": "GET /about.html HTTP/1.1"
                },
                {
                  "_time": "2023-03-01T12:14:45",
                  "host": "web-server-02",
                  "source": "/var/log/nginx/access.log",
                  "sourcetype": "access",
                  "status": 200,
                  "bytes": 2200,
                  "clientip": "192.168.1.116",
                  "url": "/contact.html",
                  "level": "INFO",
                  "component": "frontend",
                  "message": "GET /contact.html HTTP/1.1"
                },
                {
                  "_time": "2023-03-01T12:15:30",
                  "host": "web-server-01",
                  "source": "/var/log/nginx/access.log",
                  "sourcetype": "access",
                  "status": 200,
                  "bytes": 1750,
                  "clientip": "192.168.1.117",
                  "url": "/index.html",
                  "level": "INFO",
                  "component": "frontend",
                  "message": "GET /index.html HTTP/1.1"
                },
                {
                  "_time": "2023-03-01T12:16:10",
                  "host": "web-server-02",
                  "source": "/var/log/nginx/access.log",
                  "sourcetype": "access",
                  "status": 200,
                  "bytes": 2000,
                  "clientip": "192.168.1.118",
                  "url": "/about.html",
                  "level": "INFO",
                  "component": "frontend",
                  "message": "GET /about.html HTTP/1.1"
                },
                {
                  "_time": "2023-03-01T12:16:50",
                  "host": "web-server-03",
                  "source": "/var/log/nginx/access.log",
                  "sourcetype": "access",
                  "status": 200,
                  "bytes": 2300,
                  "clientip": "192.168.1.119",
                  "url": "/contact.html",
                  "level": "INFO",
                  "component": "frontend",
                  "message": "GET /contact.html HTTP/1.1"
                },
                {
                  "_time": "2023-03-01T12:17:30",
                  "host": "web-server-04",
                  "source": "/var/log/nginx/access.log",
                  "sourcetype": "access",
                  "status": 200,
                  "bytes": 2050,
                  "clientip": "192.168.1.120",
                  "url": "/about.html",
                  "level": "INFO",
                  "component": "frontend",
                  "message": "GET /about.html HTTP/1.1"
                },
                {
                  "_time": "2023-03-01T12:18:40",
                  "host": "web-server-01",
                  "source": "/var/log/nginx/access.log",
                  "sourcetype": "access",
                  "status": 200,
                  "bytes": 2450,
                  "clientip": "192.168.1.121",
                  "url": "/home.html",
                  "level": "INFO",
                  "component": "frontend",
                  "message": "GET /home.html HTTP/1.1"
                },
                {
                  "_time": "2023-03-01T12:19:20",
                  "host": "web-server-02",
                  "source": "/var/log/nginx/access.log",
                  "sourcetype": "access",
                  "status": 200,
                  "bytes": 2800,
                  "clientip": "192.168.1.122",
                  "url": "/contact.html",
                  "level": "INFO",
                  "component": "frontend",
                  "message": "GET /contact.html HTTP/1.1"
                },
                {
                  "_time": "2023-03-01T12:20:00",
                  "host": "web-server-03",
                  "source": "/var/log/nginx/access.log",
                  "sourcetype": "access",
                  "status": 200,
                  "bytes": 3150,
                  "clientip": "192.168.1.123",
                  "url": "/about.html",
                  "level": "INFO",
                  "component": "frontend",
                  "message": "GET /about.html HTTP/1.1"
                }
              ]
              
          
      

  

